Behavioral_Measure,N_Subjects,N_Features,Spearman_Rho,P_Value,R2
"C3SR,C3SR_HY_T",84,7,0.1486603251860793,0.1771470789666197,0.058104492979718536
"C3SR,C3SR_IN_T",84,7,0.17184182259243144,0.11805055575598747,0.06095197296612376
