Brain_Region,Loading
"A10m, medial area 10,Right",0.3796891118644339
"A10m, medial area 10,Left",0.3172779714503289
"A8m, medial area 8,Right",0.2797336930083547
"A6m, medial area 6,Left",0.24153916673682527
"A6dl, dorsolateral area 6,Right",0.23773207173931885
"A9m,medial area 9,Left",0.2187670731407837
"A8m, medial area 8,Left",0.19379178411112485
"A9l, lateral area 9,Left",0.1863824259219114
"A8dl, dorsolateral area 8,Left",0.17312118468890553
"A9l, lateral area 9,Right",0.16334628026591705
