PC,Importance,Rank
PC1,0.005003989818650064,7
PC2,0.06477137454183066,4
PC3,0.18393945923582566,2
PC4,0.03034672196086377,5
PC5,0.08786176886341635,3
PC6,0.008817385905123543,6
PC7,0.6452607345155008,1
