PC,Importance,Rank
PC1,0.12050310697517999,4
PC2,0.11437859023526564,5
PC3,0.05883896486316442,7
PC4,0.2041967952905801,3
PC5,0.33803533012300024,2
PC6,0.3649476745655205,1
PC7,0.11433420491663662,6
