Behavioral_Measure,N_Subjects,N_Features,Spearman_Rho,P_Value,R2
Hyper/Impulsive,92,9,0.3024341229905516,0.003388201625818227,0.08665520420037076
Inattentive,92,9,0.23451733277449283,0.024440408337589127,0.07078271133177472
