PC,Importance,Rank
PC1,0.08235351553388974,2
PC2,0.08018254877808392,3
PC3,0.12165021157029796,1
PC4,0.0009245159748807966,4
