PC,Importance,Rank
PC1,0.015172094595556183,4
PC2,0.149587774616048,1
PC3,0.029130057028722983,3
PC4,0.08576318954706426,2
