Behavioral_Measure,N_Subjects,N_Features,Spearman_Rho,P_Value,R2
"C3SR,C3SR_HY_T",526,30,0.2175133139553961,4.724767651140975e-07,0.05093232471439624
"C3SR,C3SR_IN_T",526,30,0.23901842299899653,2.866407787347445e-08,0.06149478427733701
