Behavioral_Measure,N_Subjects,N_Features,Spearman_Rho,P_Value,R2
Hyper/Impulsive,181,17,0.19720267047315482,0.00779341170910447,0.044700288642757324
Inattentive,181,17,0.24317186552353087,0.000971919275838409,0.07964753416008696
