Behavioral_Measure,N_Subjects,N_Features,Spearman_Rho,P_Value,R2
Hyper/Impulsive,193,17,0.4890671655756955,5.329148717030734e-13,0.11161636260820729
Inattentive,193,17,0.4912665002672235,4.046534283695963e-13,0.10893140377849608
