Behavioral_Measure,N_Subjects,N_Features,Spearman_Rho,P_Value,R2
Hyper/Impulsive,101,7,0.27659867806386434,0.0051097957129348,0.07137670227334447
Inattentive,102,7,0.19166330966674383,0.05363425210398294,0.08505841824625926
