Behavioral_Measure,N_Subjects,N_Features,Spearman_Rho,P_Value,R2
Hyper/Impulsive,181,17,0.7486244939191538,8.892572215825241e-34,0.8564451643074749
Inattentive,181,17,0.7242101796341885,1.0458473202021296e-30,0.8252090216153082
