Brain_Region,Loading
"A9m,medial area 9,Left",0.3633991565554581
"A8m, medial area 8,Right",0.2495691034671759
"A46, area 46,Left",0.23967269654025616
"A8vl, ventrolateral area 8,Right",0.2225920022184604
"A8m, medial area 8,Left",0.19023918699648307
"A46, area 46,Right",0.18397001792010179
"A6vl, ventrolateral area 6,Right",0.1725572356818151
"A10m, medial area 10,Left",0.17073149935543352
"A10l, lateral area10,Left",0.15289144646777575
"A9/46v, ventral area 9/46 ,Right",0.142735187277541
