PC,Importance,Rank
PC1,0.11643020203708762,2
PC2,0.062341062895824646,5
PC3,0.04384802208662502,7
PC4,0.1827196286833165,1
PC5,0.056964490859066644,6
PC6,0.08074380965329389,4
PC7,0.08943194780934616,3
