PC,Importance,Rank
PC1,0.11643020203708784,2
PC2,0.06234106289582541,5
PC3,0.043848022086624756,7
PC4,0.18271962868331612,1
PC5,0.05696449085906618,6
PC6,0.08074380965329422,4
PC7,0.08943194780934646,3
