PC,Importance,Rank
PC1,0.013051977706773235,13
PC2,0.001339597004319324,16
PC3,0.08278398996086053,2
PC4,0.017355649890302405,11
PC5,0.011452099521197882,14
PC6,0.08027985489424268,3
PC7,0.06333035079338756,5
PC8,0.07762951772936795,4
PC9,0.02456035802244593,8
PC10,0.01626734559317717,12
PC11,0.04166734518910351,6
PC12,0.03600615889290829,7
PC13,0.0007720777964222902,17
PC14,0.017514934642672238,10
PC15,0.09531233169188263,1
PC16,0.009303949659312815,15
PC17,0.017788780770700178,9
