PC,Importance,Rank
PC1,28.112889210234556,6
PC2,14.969452237539933,12
PC3,2.925214822308411,17
PC4,34.17139684268442,3
PC5,4.315932863031196,16
PC6,15.507571214035426,11
PC7,36.70044747918882,2
PC8,39.238640210888214,1
PC9,13.152767514014311,13
PC10,5.959550127603659,14
PC11,5.858255685377972,15
PC12,27.24295808665926,7
PC13,25.978318418588092,8
PC14,32.36412056929195,4
PC15,23.41725718298039,10
PC16,31.905699573957556,5
PC17,23.887263428911464,9
