PC,Importance,Rank
PC1,0.08000622016013323,5
PC2,0.00753668732100346,17
PC3,0.012510117188793609,15
PC4,0.08642931402176957,4
PC5,0.016757232426209114,14
PC6,0.07063942857935175,7
PC7,0.027883918696307332,13
PC8,0.07957659916076518,6
PC9,0.010558020551437378,16
PC10,0.10156802619058561,2
PC11,0.05475068676067273,8
PC12,0.029367332877248322,12
PC13,0.03510264614138156,10
PC14,0.030144173589393364,11
PC15,0.09135997499757184,3
PC16,0.12502965021477364,1
PC17,0.037114804069433766,9
