PC,Importance,Rank
PC1,27.48207595650004,6
PC2,14.967751749078019,12
PC3,3.1696517287053685,17
PC4,33.671498039886345,3
PC5,4.577293272421596,16
PC6,15.456380153357793,11
PC7,36.055949190575284,2
PC8,38.35929592105602,1
PC9,13.049346834246418,13
PC10,6.346774943100833,14
PC11,5.673968571070379,15
PC12,26.86810325480922,7
PC13,25.669426485786644,8
PC14,31.894080722929534,4
PC15,22.74325764471044,10
PC16,30.912050391962328,5
PC17,23.66939426073568,9
