PC,Importance,Rank
PC1,0.014212641725447114,5
PC2,0.10247774576783011,2
PC3,0.06789560591824245,4
PC4,0.01013077647697673,6
PC5,0.19632108730948244,1
PC6,0.08474016581077247,3
PC7,0.004258604558224484,7
