PC,Importance,Rank
PC1,5.927617013330168,2
PC2,0.3094094710696016,16
PC3,0.36614278562686886,15
PC4,4.473590264605615,6
PC5,1.4815558766524268,13
PC6,2.383421317646368,7
PC7,5.295721648268215,4
PC8,5.686567216161244,3
PC9,0.25429100896919143,17
PC10,2.2377262673957015,9
PC11,1.889779168841774,11
PC12,2.3502349453113016,8
PC13,1.8565240727781647,12
PC14,4.635226292539876,5
PC15,0.7668106469490888,14
PC16,8.914760441307198,1
PC17,1.9839200079230972,10
